vd;V(vo1);V(vo1)-V(vo2);V(vo2)
-1.000000000000000e+000;6.000000e+000;5.099945e+000;9.000547e-001
-9.980000000000000e-001;6.000000e+000;5.099945e+000;9.000547e-001
-9.960000000000000e-001;6.000000e+000;5.099945e+000;9.000547e-001
-9.940000000000000e-001;6.000000e+000;5.099945e+000;9.000547e-001
-9.920000000000000e-001;6.000000e+000;5.099945e+000;9.000547e-001
-9.900000000000000e-001;6.000000e+000;5.099945e+000;9.000547e-001
-9.880000000000000e-001;6.000000e+000;5.099945e+000;9.000547e-001
-9.860000000000000e-001;6.000000e+000;5.099945e+000;9.000547e-001
-9.840000000000000e-001;6.000000e+000;5.099945e+000;9.000547e-001
-9.820000000000000e-001;6.000000e+000;5.099945e+000;9.000547e-001
-9.800000000000000e-001;6.000000e+000;5.099945e+000;9.000547e-001
-9.780000000000000e-001;6.000000e+000;5.099945e+000;9.000547e-001
-9.760000000000000e-001;6.000000e+000;5.099945e+000;9.000547e-001
-9.740000000000000e-001;6.000000e+000;5.099945e+000;9.000547e-001
-9.720000000000000e-001;6.000000e+000;5.099945e+000;9.000547e-001
-9.700000000000000e-001;6.000000e+000;5.099945e+000;9.000547e-001
-9.680000000000000e-001;6.000000e+000;5.099945e+000;9.000547e-001
-9.660000000000000e-001;6.000000e+000;5.099945e+000;9.000547e-001
-9.640000000000000e-001;6.000000e+000;5.099945e+000;9.000547e-001
-9.620000000000000e-001;6.000000e+000;5.099945e+000;9.000547e-001
-9.600000000000000e-001;6.000000e+000;5.099945e+000;9.000547e-001
-9.580000000000000e-001;6.000000e+000;5.099945e+000;9.000547e-001
-9.560000000000000e-001;6.000000e+000;5.099945e+000;9.000547e-001
-9.540000000000000e-001;6.000000e+000;5.099945e+000;9.000547e-001
-9.520000000000000e-001;6.000000e+000;5.099945e+000;9.000547e-001
-9.500000000000000e-001;6.000000e+000;5.099945e+000;9.000547e-001
-9.480000000000000e-001;6.000000e+000;5.099945e+000;9.000547e-001
-9.460000000000000e-001;6.000000e+000;5.099945e+000;9.000547e-001
-9.440000000000000e-001;6.000000e+000;5.099945e+000;9.000547e-001
-9.420000000000000e-001;6.000000e+000;5.099945e+000;9.000547e-001
-9.400000000000000e-001;6.000000e+000;5.099945e+000;9.000547e-001
-9.379999999999999e-001;6.000000e+000;5.099945e+000;9.000547e-001
-9.359999999999999e-001;6.000000e+000;5.099945e+000;9.000547e-001
-9.339999999999999e-001;6.000000e+000;5.099945e+000;9.000547e-001
-9.319999999999999e-001;6.000000e+000;5.099945e+000;9.000547e-001
-9.299999999999999e-001;6.000000e+000;5.099945e+000;9.000547e-001
-9.279999999999999e-001;6.000000e+000;5.099945e+000;9.000547e-001
-9.259999999999999e-001;6.000000e+000;5.099945e+000;9.000547e-001
-9.239999999999999e-001;6.000000e+000;5.099945e+000;9.000547e-001
-9.219999999999999e-001;6.000000e+000;5.099945e+000;9.000547e-001
-9.199999999999999e-001;6.000000e+000;5.099945e+000;9.000547e-001
-9.179999999999999e-001;6.000000e+000;5.099945e+000;9.000547e-001
-9.159999999999999e-001;6.000000e+000;5.099945e+000;9.000547e-001
-9.139999999999999e-001;6.000000e+000;5.099945e+000;9.000547e-001
-9.119999999999999e-001;6.000000e+000;5.099945e+000;9.000547e-001
-9.099999999999999e-001;6.000000e+000;5.099945e+000;9.000547e-001
-9.079999999999999e-001;6.000000e+000;5.099945e+000;9.000547e-001
-9.059999999999999e-001;6.000000e+000;5.099945e+000;9.000547e-001
-9.039999999999999e-001;6.000000e+000;5.099945e+000;9.000547e-001
-9.019999999999999e-001;6.000000e+000;5.099945e+000;9.000547e-001
-8.999999999999999e-001;6.000000e+000;5.099945e+000;9.000547e-001
-8.979999999999999e-001;6.000000e+000;5.099945e+000;9.000547e-001
-8.959999999999999e-001;6.000000e+000;5.099945e+000;9.000547e-001
-8.939999999999999e-001;6.000000e+000;5.099945e+000;9.000547e-001
-8.919999999999999e-001;6.000000e+000;5.099945e+000;9.000547e-001
-8.899999999999999e-001;6.000000e+000;5.099945e+000;9.000547e-001
-8.879999999999999e-001;6.000000e+000;5.099945e+000;9.000547e-001
-8.859999999999999e-001;6.000000e+000;5.099945e+000;9.000547e-001
-8.839999999999999e-001;6.000000e+000;5.099945e+000;9.000547e-001
-8.819999999999999e-001;6.000000e+000;5.099945e+000;9.000547e-001
-8.799999999999999e-001;6.000000e+000;5.099945e+000;9.000547e-001
-8.779999999999999e-001;6.000000e+000;5.099945e+000;9.000547e-001
-8.759999999999999e-001;6.000000e+000;5.099945e+000;9.000547e-001
-8.739999999999999e-001;6.000000e+000;5.099945e+000;9.000547e-001
-8.719999999999999e-001;6.000000e+000;5.099945e+000;9.000547e-001
-8.699999999999999e-001;6.000000e+000;5.099945e+000;9.000547e-001
-8.679999999999999e-001;6.000000e+000;5.099945e+000;9.000547e-001
-8.659999999999999e-001;6.000000e+000;5.099945e+000;9.000547e-001
-8.639999999999999e-001;6.000000e+000;5.099945e+000;9.000547e-001
-8.619999999999999e-001;6.000000e+000;5.099945e+000;9.000547e-001
-8.599999999999999e-001;6.000000e+000;5.099945e+000;9.000547e-001
-8.579999999999999e-001;6.000000e+000;5.099945e+000;9.000547e-001
-8.559999999999999e-001;6.000000e+000;5.099945e+000;9.000547e-001
-8.539999999999999e-001;6.000000e+000;5.099945e+000;9.000547e-001
-8.519999999999999e-001;6.000000e+000;5.099945e+000;9.000547e-001
-8.499999999999999e-001;6.000000e+000;5.099945e+000;9.000547e-001
-8.479999999999999e-001;6.000000e+000;5.099945e+000;9.000547e-001
-8.459999999999999e-001;6.000000e+000;5.099945e+000;9.000547e-001
-8.439999999999999e-001;6.000000e+000;5.099945e+000;9.000547e-001
-8.419999999999999e-001;6.000000e+000;5.099945e+000;9.000547e-001
-8.399999999999999e-001;6.000000e+000;5.099945e+000;9.000547e-001
-8.379999999999999e-001;6.000000e+000;5.099945e+000;9.000547e-001
-8.359999999999999e-001;6.000000e+000;5.099945e+000;9.000547e-001
-8.339999999999999e-001;6.000000e+000;5.099945e+000;9.000547e-001
-8.319999999999999e-001;6.000000e+000;5.099945e+000;9.000547e-001
-8.299999999999999e-001;6.000000e+000;5.099945e+000;9.000547e-001
-8.279999999999999e-001;6.000000e+000;5.099945e+000;9.000547e-001
-8.259999999999999e-001;6.000000e+000;5.099945e+000;9.000547e-001
-8.239999999999998e-001;6.000000e+000;5.099945e+000;9.000547e-001
-8.219999999999998e-001;6.000000e+000;5.099945e+000;9.000547e-001
-8.199999999999998e-001;6.000000e+000;5.099945e+000;9.000547e-001
-8.179999999999998e-001;6.000000e+000;5.099945e+000;9.000548e-001
-8.159999999999998e-001;6.000000e+000;5.099945e+000;9.000548e-001
-8.139999999999998e-001;6.000000e+000;5.099945e+000;9.000548e-001
-8.119999999999998e-001;6.000000e+000;5.099945e+000;9.000548e-001
-8.099999999999998e-001;6.000000e+000;5.099945e+000;9.000548e-001
-8.079999999999998e-001;6.000000e+000;5.099945e+000;9.000548e-001
-8.059999999999998e-001;6.000000e+000;5.099945e+000;9.000548e-001
-8.039999999999998e-001;6.000000e+000;5.099945e+000;9.000548e-001
-8.019999999999998e-001;6.000000e+000;5.099945e+000;9.000548e-001
-7.999999999999998e-001;6.000000e+000;5.099945e+000;9.000548e-001
-7.979999999999998e-001;6.000000e+000;5.099945e+000;9.000548e-001
-7.959999999999998e-001;6.000000e+000;5.099945e+000;9.000548e-001
-7.939999999999998e-001;6.000000e+000;5.099945e+000;9.000548e-001
-7.919999999999998e-001;6.000000e+000;5.099945e+000;9.000548e-001
-7.899999999999998e-001;6.000000e+000;5.099945e+000;9.000548e-001
-7.879999999999998e-001;6.000000e+000;5.099945e+000;9.000548e-001
-7.859999999999998e-001;6.000000e+000;5.099945e+000;9.000548e-001
-7.839999999999998e-001;6.000000e+000;5.099945e+000;9.000548e-001
-7.819999999999998e-001;6.000000e+000;5.099945e+000;9.000549e-001
-7.799999999999998e-001;6.000000e+000;5.099945e+000;9.000549e-001
-7.779999999999998e-001;6.000000e+000;5.099945e+000;9.000549e-001
-7.759999999999998e-001;6.000000e+000;5.099945e+000;9.000549e-001
-7.739999999999998e-001;6.000000e+000;5.099945e+000;9.000549e-001
-7.719999999999998e-001;6.000000e+000;5.099945e+000;9.000549e-001
-7.699999999999998e-001;6.000000e+000;5.099945e+000;9.000549e-001
-7.679999999999998e-001;6.000000e+000;5.099945e+000;9.000549e-001
-7.659999999999998e-001;6.000000e+000;5.099945e+000;9.000550e-001
-7.639999999999998e-001;6.000000e+000;5.099945e+000;9.000550e-001
-7.619999999999998e-001;6.000000e+000;5.099945e+000;9.000550e-001
-7.599999999999998e-001;6.000000e+000;5.099944e+000;9.000551e-001
-7.579999999999998e-001;6.000000e+000;5.099944e+000;9.000551e-001
-7.559999999999998e-001;6.000000e+000;5.099944e+000;9.000551e-001
-7.539999999999998e-001;6.000000e+000;5.099944e+000;9.000551e-001
-7.519999999999998e-001;6.000000e+000;5.099944e+000;9.000552e-001
-7.499999999999998e-001;6.000000e+000;5.099944e+000;9.000552e-001
-7.479999999999998e-001;6.000000e+000;5.099944e+000;9.000552e-001
-7.459999999999998e-001;6.000000e+000;5.099944e+000;9.000553e-001
-7.439999999999998e-001;6.000000e+000;5.099944e+000;9.000553e-001
-7.419999999999998e-001;6.000000e+000;5.099944e+000;9.000553e-001
-7.399999999999998e-001;6.000000e+000;5.099944e+000;9.000554e-001
-7.379999999999998e-001;6.000000e+000;5.099944e+000;9.000555e-001
-7.359999999999998e-001;6.000000e+000;5.099944e+000;9.000555e-001
-7.339999999999998e-001;6.000000e+000;5.099944e+000;9.000556e-001
-7.319999999999998e-001;5.999999e+000;5.099943e+000;9.000556e-001
-7.299999999999998e-001;5.999999e+000;5.099943e+000;9.000557e-001
-7.279999999999998e-001;5.999999e+000;5.099943e+000;9.000558e-001
-7.259999999999998e-001;5.999999e+000;5.099943e+000;9.000559e-001
-7.239999999999998e-001;5.999999e+000;5.099943e+000;9.000560e-001
-7.219999999999998e-001;5.999999e+000;5.099943e+000;9.000561e-001
-7.199999999999998e-001;5.999999e+000;5.099942e+000;9.000562e-001
-7.179999999999998e-001;5.999999e+000;5.099942e+000;9.000563e-001
-7.159999999999998e-001;5.999999e+000;5.099942e+000;9.000564e-001
-7.139999999999998e-001;5.999999e+000;5.099942e+000;9.000565e-001
-7.119999999999997e-001;5.999999e+000;5.099942e+000;9.000567e-001
-7.099999999999997e-001;5.999998e+000;5.099941e+000;9.000568e-001
-7.079999999999997e-001;5.999998e+000;5.099941e+000;9.000570e-001
-7.059999999999997e-001;5.999998e+000;5.099941e+000;9.000572e-001
-7.039999999999997e-001;5.999998e+000;5.099940e+000;9.000574e-001
-7.019999999999997e-001;5.999998e+000;5.099940e+000;9.000576e-001
-6.999999999999997e-001;5.999998e+000;5.099940e+000;9.000578e-001
-6.979999999999997e-001;5.999997e+000;5.099939e+000;9.000580e-001
-6.959999999999997e-001;5.999997e+000;5.099939e+000;9.000583e-001
-6.939999999999997e-001;5.999997e+000;5.099938e+000;9.000586e-001
-6.919999999999997e-001;5.999997e+000;5.099938e+000;9.000589e-001
-6.899999999999997e-001;5.999996e+000;5.099937e+000;9.000592e-001
-6.879999999999997e-001;5.999996e+000;5.099936e+000;9.000595e-001
-6.859999999999997e-001;5.999996e+000;5.099936e+000;9.000599e-001
-6.839999999999997e-001;5.999995e+000;5.099935e+000;9.000603e-001
-6.819999999999997e-001;5.999995e+000;5.099934e+000;9.000607e-001
-6.799999999999997e-001;5.999994e+000;5.099933e+000;9.000612e-001
-6.779999999999997e-001;5.999994e+000;5.099932e+000;9.000617e-001
-6.759999999999997e-001;5.999993e+000;5.099931e+000;9.000622e-001
-6.739999999999997e-001;5.999993e+000;5.099930e+000;9.000628e-001
-6.719999999999997e-001;5.999992e+000;5.099929e+000;9.000634e-001
-6.699999999999997e-001;5.999992e+000;5.099928e+000;9.000641e-001
-6.679999999999997e-001;5.999991e+000;5.099926e+000;9.000648e-001
-6.659999999999997e-001;5.999990e+000;5.099925e+000;9.000655e-001
-6.639999999999997e-001;5.999990e+000;5.099923e+000;9.000664e-001
-6.619999999999997e-001;5.999989e+000;5.099922e+000;9.000673e-001
-6.599999999999997e-001;5.999988e+000;5.099920e+000;9.000683e-001
-6.579999999999997e-001;5.999987e+000;5.099918e+000;9.000694e-001
-6.559999999999997e-001;5.999986e+000;5.099915e+000;9.000705e-001
-6.539999999999997e-001;5.999985e+000;5.099913e+000;9.000717e-001
-6.519999999999997e-001;5.999983e+000;5.099910e+000;9.000730e-001
-6.499999999999997e-001;5.999982e+000;5.099908e+000;9.000744e-001
-6.479999999999997e-001;5.999981e+000;5.099905e+000;9.000760e-001
-6.459999999999997e-001;5.999979e+000;5.099901e+000;9.000776e-001
-6.439999999999997e-001;5.999978e+000;5.099898e+000;9.000794e-001
-6.419999999999997e-001;5.999976e+000;5.099894e+000;9.000813e-001
-6.399999999999997e-001;5.999974e+000;5.099890e+000;9.000834e-001
-6.379999999999997e-001;5.999972e+000;5.099886e+000;9.000856e-001
-6.359999999999997e-001;5.999969e+000;5.099881e+000;9.000880e-001
-6.339999999999997e-001;5.999967e+000;5.099876e+000;9.000906e-001
-6.319999999999997e-001;5.999964e+000;5.099871e+000;9.000934e-001
-6.299999999999997e-001;5.999961e+000;5.099865e+000;9.000964e-001
-6.279999999999997e-001;5.999959e+000;5.099859e+000;9.000997e-001
-6.259999999999997e-001;5.999955e+000;5.099852e+000;9.001032e-001
-6.239999999999997e-001;5.999951e+000;5.099844e+000;9.001070e-001
-6.219999999999997e-001;5.999948e+000;5.099836e+000;9.001111e-001
-6.199999999999997e-001;5.999943e+000;5.099828e+000;9.001155e-001
-6.179999999999997e-001;5.999938e+000;5.099818e+000;9.001203e-001
-6.159999999999997e-001;5.999934e+000;5.099808e+000;9.001254e-001
-6.139999999999997e-001;5.999928e+000;5.099797e+000;9.001310e-001
-6.119999999999997e-001;5.999923e+000;5.099786e+000;9.001370e-001
-6.099999999999997e-001;5.999917e+000;5.099773e+000;9.001434e-001
-6.079999999999997e-001;5.999910e+000;5.099759e+000;9.001504e-001
-6.059999999999997e-001;5.999903e+000;5.099745e+000;9.001579e-001
-6.039999999999997e-001;5.999895e+000;5.099729e+000;9.001661e-001
-6.019999999999997e-001;5.999887e+000;5.099712e+000;9.001749e-001
-5.999999999999996e-001;5.999877e+000;5.099693e+000;9.001843e-001
-5.979999999999996e-001;5.999867e+000;5.099673e+000;9.001945e-001
-5.959999999999996e-001;5.999856e+000;5.099651e+000;9.002055e-001
-5.939999999999996e-001;5.999845e+000;5.099628e+000;9.002174e-001
-5.919999999999996e-001;5.999833e+000;5.099602e+000;9.002302e-001
-5.899999999999996e-001;5.999819e+000;5.099575e+000;9.002441e-001
-5.879999999999996e-001;5.999805e+000;5.099546e+000;9.002590e-001
-5.859999999999996e-001;5.999789e+000;5.099514e+000;9.002751e-001
-5.839999999999996e-001;5.999772e+000;5.099480e+000;9.002925e-001
-5.819999999999996e-001;5.999754e+000;5.099443e+000;9.003113e-001
-5.799999999999996e-001;5.999734e+000;5.099402e+000;9.003316e-001
-5.779999999999996e-001;5.999713e+000;5.099360e+000;9.003534e-001
-5.759999999999996e-001;5.999690e+000;5.099313e+000;9.003770e-001
-5.739999999999996e-001;5.999665e+000;5.099262e+000;9.004025e-001
-5.719999999999996e-001;5.999638e+000;5.099208e+000;9.004300e-001
-5.699999999999996e-001;5.999609e+000;5.099149e+000;9.004596e-001
-5.679999999999996e-001;5.999578e+000;5.099086e+000;9.004917e-001
-5.659999999999996e-001;5.999544e+000;5.099017e+000;9.005262e-001
-5.639999999999996e-001;5.999507e+000;5.098944e+000;9.005635e-001
-5.619999999999996e-001;5.999468e+000;5.098864e+000;9.006038e-001
-5.599999999999996e-001;5.999425e+000;5.098778e+000;9.006472e-001
-5.579999999999996e-001;5.999379e+000;5.098685e+000;9.006941e-001
-5.559999999999996e-001;5.999330e+000;5.098585e+000;9.007447e-001
-5.539999999999996e-001;5.999276e+000;5.098476e+000;9.007993e-001
-5.519999999999996e-001;5.999218e+000;5.098359e+000;9.008582e-001
-5.499999999999996e-001;5.999155e+000;5.098233e+000;9.009218e-001
-5.479999999999996e-001;5.999088e+000;5.098097e+000;9.009904e-001
-5.459999999999996e-001;5.999015e+000;5.097950e+000;9.010645e-001
-5.439999999999996e-001;5.998936e+000;5.097791e+000;9.011443e-001
-5.419999999999996e-001;5.998851e+000;5.097620e+000;9.012305e-001
-5.399999999999996e-001;5.998759e+000;5.097436e+000;9.013234e-001
-5.379999999999996e-001;5.998660e+000;5.097236e+000;9.014237e-001
-5.359999999999996e-001;5.998553e+000;5.097021e+000;9.015319e-001
-5.339999999999996e-001;5.998438e+000;5.096789e+000;9.016486e-001
-5.319999999999996e-001;5.998313e+000;5.096539e+000;9.017744e-001
-5.299999999999996e-001;5.998179e+000;5.096269e+000;9.019101e-001
-5.279999999999996e-001;5.998034e+000;5.095978e+000;9.020565e-001
-5.259999999999996e-001;5.997879e+000;5.095664e+000;9.022142e-001
-5.239999999999996e-001;5.997710e+000;5.095325e+000;9.023843e-001
-5.219999999999996e-001;5.997528e+000;5.094960e+000;9.025677e-001
-5.199999999999996e-001;5.997332e+000;5.094567e+000;9.027654e-001
-5.179999999999996e-001;5.997121e+000;5.094142e+000;9.029784e-001
-5.159999999999996e-001;5.996893e+000;5.093686e+000;9.032079e-001
-5.139999999999996e-001;5.996648e+000;5.093193e+000;9.034552e-001
-5.119999999999996e-001;5.996384e+000;5.092662e+000;9.037216e-001
-5.099999999999996e-001;5.996099e+000;5.092090e+000;9.040084e-001
-5.079999999999996e-001;5.995792e+000;5.091475e+000;9.043173e-001
-5.059999999999996e-001;5.995461e+000;5.090812e+000;9.046498e-001
-5.039999999999996e-001;5.995106e+000;5.090098e+000;9.050077e-001
-5.019999999999996e-001;5.994723e+000;5.089330e+000;9.053927e-001
-4.999999999999996e-001;5.994311e+000;5.088504e+000;9.058069e-001
-4.979999999999996e-001;5.993868e+000;5.087616e+000;9.062523e-001
-4.959999999999996e-001;5.993392e+000;5.086660e+000;9.067311e-001
-4.939999999999996e-001;5.992879e+000;5.085634e+000;9.072456e-001
-4.919999999999996e-001;5.992329e+000;5.084531e+000;9.077984e-001
-4.899999999999996e-001;5.991738e+000;5.083346e+000;9.083921e-001
-4.879999999999996e-001;5.991103e+000;5.082074e+000;9.090292e-001
-4.859999999999995e-001;5.990422e+000;5.080709e+000;9.097130e-001
-4.839999999999995e-001;5.989691e+000;5.079245e+000;9.104462e-001
-4.819999999999995e-001;5.988907e+000;5.077675e+000;9.112322e-001
-4.799999999999995e-001;5.988068e+000;5.075994e+000;9.120743e-001
-4.779999999999995e-001;5.987169e+000;5.074193e+000;9.129760e-001
-4.759999999999995e-001;5.986206e+000;5.072265e+000;9.139410e-001
-4.739999999999995e-001;5.985177e+000;5.070204e+000;9.149730e-001
-4.719999999999995e-001;5.984076e+000;5.068000e+000;9.160760e-001
-4.699999999999995e-001;5.982900e+000;5.065646e+000;9.172541e-001
-4.679999999999995e-001;5.981644e+000;5.063133e+000;9.185115e-001
-4.659999999999995e-001;5.980305e+000;5.060453e+000;9.198524e-001
-4.639999999999995e-001;5.978878e+000;5.057597e+000;9.212814e-001
-4.619999999999995e-001;5.977358e+000;5.054555e+000;9.228029e-001
-4.599999999999995e-001;5.975741e+000;5.051320e+000;9.244214e-001
-4.579999999999995e-001;5.974022e+000;5.047881e+000;9.261417e-001
-4.559999999999995e-001;5.972197e+000;5.044229e+000;9.279684e-001
-4.539999999999995e-001;5.970260e+000;5.040354e+000;9.299063e-001
-4.519999999999995e-001;5.968207e+000;5.036247e+000;9.319599e-001
-4.499999999999995e-001;5.966033e+000;5.031899e+000;9.341340e-001
-4.479999999999995e-001;5.963734e+000;5.027301e+000;9.364331e-001
-4.459999999999995e-001;5.961305e+000;5.022443e+000;9.388617e-001
-4.439999999999995e-001;5.958742e+000;5.017318e+000;9.414243e-001
-4.419999999999995e-001;5.956040e+000;5.011915e+000;9.441251e-001
-4.399999999999995e-001;5.953196e+000;5.006227e+000;9.469683e-001
-4.379999999999995e-001;5.950204e+000;5.000247e+000;9.499577e-001
-4.359999999999995e-001;5.947063e+000;4.993966e+000;9.530970e-001
-4.339999999999995e-001;5.943768e+000;4.987378e+000;9.563897e-001
-4.319999999999995e-001;5.940315e+000;4.980476e+000;9.598391e-001
-4.299999999999995e-001;5.936702e+000;4.973254e+000;9.634480e-001
-4.279999999999995e-001;5.932926e+000;4.965707e+000;9.672193e-001
-4.259999999999995e-001;5.928986e+000;4.957830e+000;9.711551e-001
-4.239999999999995e-001;5.924878e+000;4.949620e+000;9.752575e-001
-4.219999999999995e-001;5.920600e+000;4.941072e+000;9.795282e-001
-4.199999999999995e-001;5.916153e+000;4.932185e+000;9.839688e-001
-4.179999999999995e-001;5.911534e+000;4.922954e+000;9.885801e-001
-4.159999999999995e-001;5.906744e+000;4.913381e+000;9.933630e-001
-4.139999999999995e-001;5.901780e+000;4.903462e+000;9.983178e-001
-4.119999999999995e-001;5.896644e+000;4.893199e+000;1.003445e+000
-4.099999999999995e-001;5.891335e+000;4.882591e+000;1.008743e+000
-4.079999999999995e-001;5.885853e+000;4.871640e+000;1.014214e+000
-4.059999999999995e-001;5.880201e+000;4.860346e+000;1.019854e+000
-4.039999999999995e-001;5.874378e+000;4.848713e+000;1.025665e+000
-4.019999999999995e-001;5.868386e+000;4.836743e+000;1.031644e+000
-3.999999999999995e-001;5.862227e+000;4.824438e+000;1.037789e+000
-3.979999999999995e-001;5.855902e+000;4.811802e+000;1.044100e+000
-3.959999999999995e-001;5.849412e+000;4.798839e+000;1.050573e+000
-3.939999999999995e-001;5.842762e+000;4.785553e+000;1.057208e+000
-3.919999999999995e-001;5.835951e+000;4.771949e+000;1.064002e+000
-3.899999999999995e-001;5.828983e+000;4.758030e+000;1.070952e+000
-3.879999999999995e-001;5.821860e+000;4.743804e+000;1.078057e+000
-3.859999999999995e-001;5.814586e+000;4.729273e+000;1.085312e+000
-3.839999999999995e-001;5.807162e+000;4.714445e+000;1.092716e+000
-3.819999999999995e-001;5.799591e+000;4.699324e+000;1.100267e+000
-3.799999999999995e-001;5.791877e+000;4.683917e+000;1.107960e+000
-3.779999999999995e-001;5.784022e+000;4.668229e+000;1.115793e+000
-3.759999999999995e-001;5.776029e+000;4.652265e+000;1.123764e+000
-3.739999999999994e-001;5.767900e+000;4.636032e+000;1.131868e+000
-3.719999999999994e-001;5.759640e+000;4.619536e+000;1.140105e+000
-3.699999999999994e-001;5.751251e+000;4.602781e+000;1.148469e+000
-3.679999999999994e-001;5.742735e+000;4.585776e+000;1.156959e+000
-3.659999999999994e-001;5.734097e+000;4.568525e+000;1.165572e+000
-3.639999999999994e-001;5.725338e+000;4.551034e+000;1.174304e+000
-3.619999999999994e-001;5.716462e+000;4.533308e+000;1.183154e+000
-3.599999999999994e-001;5.707471e+000;4.515354e+000;1.192116e+000
-3.579999999999994e-001;5.698369e+000;4.497178e+000;1.201191e+000
-3.559999999999994e-001;5.689157e+000;4.478784e+000;1.210373e+000
-3.539999999999994e-001;5.679840e+000;4.460178e+000;1.219661e+000
-3.519999999999994e-001;5.670418e+000;4.441366e+000;1.229053e+000
-3.499999999999994e-001;5.660896e+000;4.422352e+000;1.238544e+000
-3.479999999999994e-001;5.651276e+000;4.403142e+000;1.248133e+000
-3.459999999999994e-001;5.641560e+000;4.383742e+000;1.257818e+000
-3.439999999999994e-001;5.631750e+000;4.364154e+000;1.267595e+000
-3.419999999999994e-001;5.621849e+000;4.344386e+000;1.277463e+000
-3.399999999999994e-001;5.611860e+000;4.324441e+000;1.287419e+000
-3.379999999999994e-001;5.601785e+000;4.304324e+000;1.297461e+000
-3.359999999999994e-001;5.591625e+000;4.284039e+000;1.307586e+000
-3.339999999999994e-001;5.581384e+000;4.263591e+000;1.317793e+000
-3.319999999999994e-001;5.571063e+000;4.242984e+000;1.328079e+000
-3.299999999999994e-001;5.560664e+000;4.222221e+000;1.338442e+000
-3.279999999999994e-001;5.550189e+000;4.201309e+000;1.348881e+000
-3.259999999999994e-001;5.539641e+000;4.180248e+000;1.359393e+000
-3.239999999999994e-001;5.529021e+000;4.159045e+000;1.369976e+000
-3.219999999999994e-001;5.518331e+000;4.137702e+000;1.380629e+000
-3.199999999999994e-001;5.507573e+000;4.116223e+000;1.391350e+000
-3.179999999999994e-001;5.496748e+000;4.094612e+000;1.402136e+000
-3.159999999999994e-001;5.485859e+000;4.072871e+000;1.412987e+000
-3.139999999999994e-001;5.474906e+000;4.051005e+000;1.423901e+000
-3.119999999999994e-001;5.463893e+000;4.029017e+000;1.434876e+000
-3.099999999999994e-001;5.452819e+000;4.006908e+000;1.445911e+000
-3.079999999999994e-001;5.441687e+000;3.984683e+000;1.457003e+000
-3.059999999999994e-001;5.430497e+000;3.962344e+000;1.468153e+000
-3.039999999999994e-001;5.419253e+000;3.939896e+000;1.479357e+000
-3.019999999999994e-001;5.407954e+000;3.917338e+000;1.490616e+000
-2.999999999999994e-001;5.396602e+000;3.894676e+000;1.501927e+000
-2.979999999999994e-001;5.385199e+000;3.871910e+000;1.513289e+000
-2.959999999999994e-001;5.373745e+000;3.849045e+000;1.524701e+000
-2.939999999999994e-001;5.362243e+000;3.826081e+000;1.536162e+000
-2.919999999999994e-001;5.350692e+000;3.803022e+000;1.547670e+000
-2.899999999999994e-001;5.339096e+000;3.779871e+000;1.559225e+000
-2.879999999999994e-001;5.327453e+000;3.756628e+000;1.570825e+000
-2.859999999999994e-001;5.315766e+000;3.733297e+000;1.582469e+000
-2.839999999999994e-001;5.304036e+000;3.709879e+000;1.594157e+000
-2.819999999999994e-001;5.292263e+000;3.686377e+000;1.605886e+000
-2.799999999999994e-001;5.280448e+000;3.662792e+000;1.617657e+000
-2.779999999999994e-001;5.268594e+000;3.639127e+000;1.629468e+000
-2.759999999999994e-001;5.256700e+000;3.615382e+000;1.641318e+000
-2.739999999999994e-001;5.244768e+000;3.591561e+000;1.653206e+000
-2.719999999999994e-001;5.232798e+000;3.567665e+000;1.665132e+000
-2.699999999999994e-001;5.220790e+000;3.543696e+000;1.677095e+000
-2.679999999999994e-001;5.208747e+000;3.519655e+000;1.689093e+000
-2.659999999999994e-001;5.196670e+000;3.495544e+000;1.701126e+000
-2.639999999999994e-001;5.184557e+000;3.471364e+000;1.713193e+000
-2.619999999999993e-001;5.172411e+000;3.447117e+000;1.725294e+000
-2.599999999999993e-001;5.160233e+000;3.422805e+000;1.737427e+000
-2.579999999999993e-001;5.148022e+000;3.398430e+000;1.749592e+000
-2.559999999999993e-001;5.135780e+000;3.373991e+000;1.761789e+000
-2.539999999999993e-001;5.123507e+000;3.349492e+000;1.774016e+000
-2.519999999999993e-001;5.111205e+000;3.324932e+000;1.786272e+000
-2.499999999999993e-001;5.098873e+000;3.300314e+000;1.798558e+000
-2.479999999999993e-001;5.086512e+000;3.275640e+000;1.810873e+000
-2.459999999999993e-001;5.074123e+000;3.250908e+000;1.823215e+000
-2.439999999999993e-001;5.061707e+000;3.226122e+000;1.835585e+000
-2.419999999999993e-001;5.049264e+000;3.201283e+000;1.847981e+000
-2.399999999999993e-001;5.036795e+000;3.176391e+000;1.860403e+000
-2.379999999999993e-001;5.024300e+000;3.151448e+000;1.872851e+000
-2.359999999999993e-001;5.011779e+000;3.126455e+000;1.885324e+000
-2.339999999999993e-001;4.999235e+000;3.101413e+000;1.897822e+000
-2.319999999999993e-001;4.986666e+000;3.076322e+000;1.910344e+000
-2.299999999999993e-001;4.974073e+000;3.051184e+000;1.922889e+000
-2.279999999999993e-001;4.961457e+000;3.026000e+000;1.935457e+000
-2.259999999999993e-001;4.948819e+000;3.000771e+000;1.948048e+000
-2.239999999999993e-001;4.936159e+000;2.975498e+000;1.960661e+000
-2.219999999999993e-001;4.923476e+000;2.950181e+000;1.973295e+000
-2.199999999999993e-001;4.910773e+000;2.924822e+000;1.985950e+000
-2.179999999999993e-001;4.898048e+000;2.899422e+000;1.998627e+000
-2.159999999999993e-001;4.885304e+000;2.873981e+000;2.011323e+000
-2.139999999999993e-001;4.872540e+000;2.848500e+000;2.024040e+000
-2.119999999999993e-001;4.859755e+000;2.822980e+000;2.036775e+000
-2.099999999999993e-001;4.846952e+000;2.797421e+000;2.049531e+000
-2.079999999999993e-001;4.834130e+000;2.771826e+000;2.062304e+000
-2.059999999999993e-001;4.821289e+000;2.746193e+000;2.075096e+000
-2.039999999999993e-001;4.808431e+000;2.720525e+000;2.087906e+000
-2.019999999999993e-001;4.795555e+000;2.694821e+000;2.100734e+000
-1.999999999999993e-001;4.782661e+000;2.669083e+000;2.113578e+000
-1.979999999999993e-001;4.769751e+000;2.643311e+000;2.126440e+000
-1.959999999999993e-001;4.756824e+000;2.617505e+000;2.139318e+000
-1.939999999999993e-001;4.743880e+000;2.591668e+000;2.152213e+000
-1.919999999999993e-001;4.730921e+000;2.565798e+000;2.165123e+000
-1.899999999999993e-001;4.717946e+000;2.539897e+000;2.178049e+000
-1.879999999999993e-001;4.704956e+000;2.513965e+000;2.190990e+000
-1.859999999999993e-001;4.691950e+000;2.488004e+000;2.203946e+000
-1.839999999999993e-001;4.678930e+000;2.462013e+000;2.216917e+000
-1.819999999999993e-001;4.665896e+000;2.435993e+000;2.229903e+000
-1.799999999999993e-001;4.652847e+000;2.409945e+000;2.242902e+000
-1.779999999999993e-001;4.639785e+000;2.383870e+000;2.255915e+000
-1.759999999999993e-001;4.626709e+000;2.357767e+000;2.268942e+000
-1.739999999999993e-001;4.613620e+000;2.331638e+000;2.281981e+000
-1.719999999999993e-001;4.600517e+000;2.305483e+000;2.295034e+000
-1.699999999999993e-001;4.587402e+000;2.279302e+000;2.308100e+000
-1.679999999999993e-001;4.574275e+000;2.253096e+000;2.321178e+000
-1.659999999999993e-001;4.561134e+000;2.226865e+000;2.334269e+000
-1.639999999999993e-001;4.547983e+000;2.200611e+000;2.347371e+000
-1.619999999999993e-001;4.534819e+000;2.174333e+000;2.360486e+000
-1.599999999999993e-001;4.521643e+000;2.148032e+000;2.373611e+000
-1.579999999999993e-001;4.508457e+000;2.121708e+000;2.386749e+000
-1.559999999999993e-001;4.495259e+000;2.095362e+000;2.399897e+000
-1.539999999999993e-001;4.482050e+000;2.068994e+000;2.413056e+000
-1.519999999999993e-001;4.468831e+000;2.042605e+000;2.426226e+000
-1.499999999999993e-001;4.455601e+000;2.016195e+000;2.439406e+000
-1.479999999999992e-001;4.442361e+000;1.989765e+000;2.452596e+000
-1.459999999999992e-001;4.429111e+000;1.963314e+000;2.465796e+000
-1.439999999999992e-001;4.415851e+000;1.936844e+000;2.479007e+000
-1.419999999999992e-001;4.402581e+000;1.910355e+000;2.492226e+000
-1.399999999999992e-001;4.389302e+000;1.883847e+000;2.505456e+000
-1.379999999999992e-001;4.376014e+000;1.857320e+000;2.518694e+000
-1.359999999999992e-001;4.362717e+000;1.830775e+000;2.531942e+000
-1.339999999999992e-001;4.349411e+000;1.804213e+000;2.545198e+000
-1.319999999999992e-001;4.336096e+000;1.777633e+000;2.558463e+000
-1.299999999999992e-001;4.322773e+000;1.751036e+000;2.571736e+000
-1.279999999999992e-001;4.309441e+000;1.724423e+000;2.585018e+000
-1.259999999999992e-001;4.296102e+000;1.697794e+000;2.598308e+000
-1.239999999999992e-001;4.282754e+000;1.671148e+000;2.611606e+000
-1.219999999999992e-001;4.269399e+000;1.644488e+000;2.624911e+000
-1.199999999999992e-001;4.256035e+000;1.617811e+000;2.638224e+000
-1.179999999999992e-001;4.242665e+000;1.591120e+000;2.651545e+000
-1.159999999999992e-001;4.229287e+000;1.564414e+000;2.664873e+000
-1.139999999999992e-001;4.215902e+000;1.537694e+000;2.678208e+000
-1.119999999999992e-001;4.202511e+000;1.510961e+000;2.691550e+000
-1.099999999999992e-001;4.189112e+000;1.484213e+000;2.704899e+000
-1.079999999999992e-001;4.175707e+000;1.457453e+000;2.718254e+000
-1.059999999999992e-001;4.162295e+000;1.430679e+000;2.731616e+000
-1.039999999999992e-001;4.148877e+000;1.403893e+000;2.744985e+000
-1.019999999999992e-001;4.135453e+000;1.377094e+000;2.758359e+000
-9.999999999999920e-002;4.122022e+000;1.350283e+000;2.771739e+000
-9.799999999999920e-002;4.108586e+000;1.323460e+000;2.785126e+000
-9.599999999999920e-002;4.095144e+000;1.296625e+000;2.798518e+000
-9.399999999999920e-002;4.081697e+000;1.269780e+000;2.811916e+000
-9.199999999999919e-002;4.068244e+000;1.242924e+000;2.825320e+000
-8.999999999999919e-002;4.054785e+000;1.216057e+000;2.838728e+000
-8.799999999999919e-002;4.041321e+000;1.189179e+000;2.852142e+000
-8.599999999999919e-002;4.027853e+000;1.162291e+000;2.865561e+000
-8.399999999999919e-002;4.014379e+000;1.135394e+000;2.878985e+000
-8.199999999999919e-002;4.000901e+000;1.108487e+000;2.892414e+000
-7.999999999999918e-002;3.987417e+000;1.081570e+000;2.905847e+000
-7.799999999999918e-002;3.973930e+000;1.054645e+000;2.919285e+000
-7.599999999999918e-002;3.960438e+000;1.027710e+000;2.932728e+000
-7.399999999999918e-002;3.946942e+000;1.000767e+000;2.946174e+000
-7.199999999999918e-002;3.933441e+000;9.738159e-001;2.959625e+000
-6.999999999999917e-002;3.919937e+000;9.468565e-001;2.973080e+000
-6.799999999999917e-002;3.906428e+000;9.198895e-001;2.986539e+000
-6.599999999999917e-002;3.892916e+000;8.929143e-001;3.000002e+000
-6.399999999999917e-002;3.879400e+000;8.659322e-001;3.013468e+000
-6.199999999999917e-002;3.865881e+000;8.389432e-001;3.026938e+000
-5.999999999999917e-002;3.852358e+000;8.119471e-001;3.040411e+000
-5.799999999999916e-002;3.838832e+000;7.849443e-001;3.053888e+000
-5.599999999999916e-002;3.825303e+000;7.579353e-001;3.067368e+000
-5.399999999999916e-002;3.811770e+000;7.309198e-001;3.080851e+000
-5.199999999999916e-002;3.798235e+000;7.038989e-001;3.094336e+000
-4.999999999999916e-002;3.784697e+000;6.768720e-001;3.107825e+000
-4.799999999999915e-002;3.771156e+000;6.498396e-001;3.121317e+000
-4.599999999999915e-002;3.757613e+000;6.228023e-001;3.134811e+000
-4.399999999999915e-002;3.744067e+000;5.957596e-001;3.148307e+000
-4.199999999999915e-002;3.730519e+000;5.687122e-001;3.161806e+000
-3.999999999999915e-002;3.716968e+000;5.416603e-001;3.175308e+000
-3.799999999999915e-002;3.703415e+000;5.146041e-001;3.188811e+000
-3.599999999999914e-002;3.689861e+000;4.875438e-001;3.202317e+000
-3.399999999999914e-002;3.676304e+000;4.604795e-001;3.215824e+000
-3.199999999999914e-002;3.662745e+000;4.334118e-001;3.229334e+000
-2.999999999999914e-002;3.649185e+000;4.063404e-001;3.242845e+000
-2.799999999999914e-002;3.635623e+000;3.792655e-001;3.256358e+000
-2.599999999999914e-002;3.622060e+000;3.521879e-001;3.269872e+000
-2.399999999999913e-002;3.608495e+000;3.251076e-001;3.283388e+000
-2.199999999999913e-002;3.594929e+000;2.980244e-001;3.296905e+000
-1.999999999999913e-002;3.581362e+000;2.709391e-001;3.310423e+000
-1.799999999999913e-002;3.567794e+000;2.438514e-001;3.323942e+000
-1.599999999999913e-002;3.554224e+000;2.167616e-001;3.337463e+000
-1.399999999999913e-002;3.540654e+000;1.896703e-001;3.350984e+000
-1.199999999999913e-002;3.527083e+000;1.625776e-001;3.364506e+000
-9.999999999999126e-003;3.513512e+000;1.354835e-001;3.378028e+000
-7.999999999999126e-003;3.499940e+000;1.083882e-001;3.391552e+000
-5.999999999999126e-003;3.486367e+000;8.129191e-002;3.405075e+000
-3.999999999999126e-003;3.472795e+000;5.419517e-002;3.418599e+000
-1.999999999999126e-003;3.459221e+000;2.709746e-002;3.432124e+000
8.743006318923108e-016;3.445648e+000;0.000000e+000;3.445648e+000
2.000000000000874e-003;3.432075e+000;-2.709770e-002;3.459173e+000
4.000000000000874e-003;3.418502e+000;-5.419540e-002;3.472697e+000
6.000000000000874e-003;3.404929e+000;-8.129239e-002;3.486222e+000
8.000000000000875e-003;3.391356e+000;-1.083891e-001;3.499746e+000
1.000000000000088e-002;3.377784e+000;-1.354849e-001;3.513269e+000
1.200000000000088e-002;3.364213e+000;-1.625798e-001;3.526792e+000
1.400000000000088e-002;3.350641e+000;-1.896734e-001;3.540315e+000
1.600000000000088e-002;3.337071e+000;-2.167656e-001;3.553837e+000
1.800000000000088e-002;3.323502e+000;-2.438564e-001;3.567358e+000
2.000000000000088e-002;3.309933e+000;-2.709451e-001;3.580878e+000
2.200000000000088e-002;3.296365e+000;-2.980320e-001;3.594397e+000
2.400000000000088e-002;3.282799e+000;-3.251166e-001;3.607915e+000
2.600000000000088e-002;3.269234e+000;-3.521984e-001;3.621432e+000
2.800000000000089e-002;3.255670e+000;-3.792779e-001;3.634948e+000
3.000000000000089e-002;3.242107e+000;-4.063544e-001;3.648462e+000
3.200000000000089e-002;3.228547e+000;-4.334276e-001;3.661974e+000
3.400000000000089e-002;3.214988e+000;-4.604976e-001;3.675485e+000
3.600000000000089e-002;3.201430e+000;-4.875638e-001;3.688994e+000
3.800000000000089e-002;3.187875e+000;-5.146267e-001;3.702502e+000
4.000000000000090e-002;3.174321e+000;-5.416853e-001;3.716007e+000
4.200000000000090e-002;3.160770e+000;-5.687401e-001;3.729510e+000
4.400000000000090e-002;3.147221e+000;-5.957901e-001;3.743011e+000
4.600000000000090e-002;3.133674e+000;-6.228354e-001;3.756510e+000
4.800000000000090e-002;3.120130e+000;-6.498761e-001;3.770006e+000
5.000000000000091e-002;3.106588e+000;-6.769114e-001;3.783499e+000
5.200000000000091e-002;3.093049e+000;-7.039416e-001;3.796991e+000
5.400000000000091e-002;3.079513e+000;-7.309661e-001;3.810479e+000
5.600000000000091e-002;3.065979e+000;-7.579851e-001;3.823964e+000
5.800000000000091e-002;3.052449e+000;-7.849977e-001;3.837447e+000
6.000000000000091e-002;3.038922e+000;-8.120043e-001;3.850926e+000
6.200000000000092e-002;3.025398e+000;-8.390043e-001;3.864402e+000
6.400000000000092e-002;3.011877e+000;-8.659978e-001;3.877875e+000
6.600000000000092e-002;2.998360e+000;-8.929842e-001;3.891344e+000
6.800000000000092e-002;2.984846e+000;-9.199634e-001;3.904810e+000
7.000000000000092e-002;2.971337e+000;-9.469352e-001;3.918272e+000
7.200000000000092e-002;2.957831e+000;-9.738994e-001;3.931730e+000
7.400000000000093e-002;2.944329e+000;-1.000855e+000;3.945184e+000
7.600000000000093e-002;2.930831e+000;-1.027804e+000;3.958634e+000
7.800000000000093e-002;2.917337e+000;-1.054743e+000;3.972080e+000
8.000000000000093e-002;2.903848e+000;-1.081674e+000;3.985522e+000
8.200000000000093e-002;2.890363e+000;-1.108596e+000;3.998959e+000
8.400000000000094e-002;2.876883e+000;-1.135509e+000;4.012392e+000
8.600000000000094e-002;2.863407e+000;-1.162412e+000;4.025819e+000
8.800000000000094e-002;2.849936e+000;-1.189306e+000;4.039242e+000
9.000000000000094e-002;2.836471e+000;-1.216190e+000;4.052660e+000
9.200000000000094e-002;2.823010e+000;-1.243063e+000;4.066073e+000
9.400000000000094e-002;2.809555e+000;-1.269926e+000;4.079481e+000
9.600000000000095e-002;2.796105e+000;-1.296778e+000;4.092883e+000
9.800000000000095e-002;2.782661e+000;-1.323619e+000;4.106280e+000
1.000000000000010e-001;2.769222e+000;-1.350449e+000;4.119671e+000
1.020000000000010e-001;2.755789e+000;-1.377267e+000;4.133056e+000
1.040000000000010e-001;2.742362e+000;-1.404073e+000;4.146436e+000
1.060000000000010e-001;2.728942e+000;-1.430867e+000;4.159809e+000
1.080000000000010e-001;2.715527e+000;-1.457649e+000;4.173176e+000
1.100000000000010e-001;2.702119e+000;-1.484417e+000;4.186536e+000
1.120000000000010e-001;2.688717e+000;-1.511173e+000;4.199891e+000
1.140000000000010e-001;2.675323e+000;-1.537915e+000;4.213238e+000
1.160000000000010e-001;2.661935e+000;-1.564644e+000;4.226578e+000
1.180000000000010e-001;2.648554e+000;-1.591358e+000;4.239912e+000
1.200000000000010e-001;2.635180e+000;-1.618058e+000;4.253238e+000
1.220000000000010e-001;2.621813e+000;-1.644743e+000;4.266557e+000
1.240000000000010e-001;2.608454e+000;-1.671414e+000;4.279868e+000
1.260000000000010e-001;2.595103e+000;-1.698069e+000;4.293172e+000
1.280000000000010e-001;2.581760e+000;-1.724708e+000;4.306468e+000
1.300000000000010e-001;2.568424e+000;-1.751332e+000;4.319756e+000
1.320000000000010e-001;2.555097e+000;-1.777938e+000;4.333035e+000
1.340000000000010e-001;2.541778e+000;-1.804529e+000;4.346307e+000
1.360000000000010e-001;2.528468e+000;-1.831102e+000;4.359570e+000
1.380000000000010e-001;2.515166e+000;-1.857658e+000;4.372824e+000
1.400000000000010e-001;2.501873e+000;-1.884195e+000;4.386069e+000
1.420000000000010e-001;2.488590e+000;-1.910715e+000;4.399305e+000
1.440000000000010e-001;2.475316e+000;-1.937216e+000;4.412532e+000
1.460000000000010e-001;2.462051e+000;-1.963699e+000;4.425749e+000
1.480000000000010e-001;2.448796e+000;-1.990161e+000;4.438957e+000
1.500000000000010e-001;2.435550e+000;-2.016604e+000;4.452154e+000
1.520000000000010e-001;2.422315e+000;-2.043027e+000;4.465342e+000
1.540000000000010e-001;2.409090e+000;-2.069429e+000;4.478519e+000
1.560000000000010e-001;2.395875e+000;-2.095810e+000;4.491686e+000
1.580000000000010e-001;2.382672e+000;-2.122170e+000;4.504842e+000
1.600000000000010e-001;2.369479e+000;-2.148508e+000;4.517987e+000
1.620000000000010e-001;2.356297e+000;-2.174824e+000;4.531121e+000
1.640000000000010e-001;2.343127e+000;-2.201116e+000;4.544243e+000
1.660000000000010e-001;2.329968e+000;-2.227386e+000;4.557354e+000
1.680000000000010e-001;2.316822e+000;-2.253632e+000;4.570454e+000
1.700000000000010e-001;2.303687e+000;-2.279853e+000;4.583540e+000
1.720000000000010e-001;2.290565e+000;-2.306050e+000;4.596615e+000
1.740000000000010e-001;2.277455e+000;-2.332222e+000;4.609677e+000
1.760000000000010e-001;2.264358e+000;-2.358367e+000;4.622725e+000
1.780000000000010e-001;2.251274e+000;-2.384488e+000;4.635762e+000
1.800000000000010e-001;2.238204e+000;-2.410580e+000;4.648784e+000
1.820000000000010e-001;2.225147e+000;-2.436646e+000;4.661793e+000
1.840000000000010e-001;2.212104e+000;-2.462684e+000;4.674788e+000
1.860000000000010e-001;2.199075e+000;-2.488693e+000;4.687768e+000
1.880000000000010e-001;2.186061e+000;-2.514674e+000;4.700735e+000
1.900000000000010e-001;2.173061e+000;-2.540625e+000;4.713686e+000
1.920000000000010e-001;2.160077e+000;-2.566545e+000;4.726622e+000
1.940000000000010e-001;2.147108e+000;-2.592435e+000;4.739543e+000
1.960000000000010e-001;2.134154e+000;-2.618294e+000;4.752448e+000
1.980000000000010e-001;2.121217e+000;-2.644120e+000;4.765337e+000
2.000000000000010e-001;2.108296e+000;-2.669914e+000;4.778210e+000
2.020000000000010e-001;2.095391e+000;-2.695674e+000;4.791065e+000
2.040000000000010e-001;2.082504e+000;-2.721400e+000;4.803904e+000
2.060000000000010e-001;2.069634e+000;-2.747092e+000;4.816726e+000
2.080000000000011e-001;2.056781e+000;-2.772748e+000;4.829529e+000
2.100000000000011e-001;2.043947e+000;-2.798368e+000;4.842315e+000
2.120000000000011e-001;2.031131e+000;-2.823951e+000;4.855082e+000
2.140000000000011e-001;2.018334e+000;-2.849496e+000;4.867830e+000
2.160000000000011e-001;2.005556e+000;-2.875003e+000;4.880559e+000
2.180000000000011e-001;1.992798e+000;-2.900470e+000;4.893268e+000
2.200000000000011e-001;1.980059e+000;-2.925898e+000;4.905958e+000
2.220000000000011e-001;1.967341e+000;-2.951285e+000;4.918626e+000
2.240000000000011e-001;1.954644e+000;-2.976630e+000;4.931274e+000
2.260000000000011e-001;1.941968e+000;-3.001932e+000;4.943900e+000
2.280000000000011e-001;1.929314e+000;-3.027190e+000;4.956505e+000
2.300000000000011e-001;1.916682e+000;-3.052404e+000;4.969087e+000
2.320000000000011e-001;1.904073e+000;-3.077573e+000;4.981647e+000
2.340000000000011e-001;1.891487e+000;-3.102695e+000;4.994183e+000
2.360000000000011e-001;1.878925e+000;-3.127770e+000;5.006695e+000
2.380000000000011e-001;1.866387e+000;-3.152797e+000;5.019183e+000
2.400000000000011e-001;1.853873e+000;-3.177774e+000;5.031647e+000
2.420000000000011e-001;1.841384e+000;-3.202700e+000;5.044085e+000
2.440000000000011e-001;1.828922e+000;-3.227575e+000;5.056497e+000
2.460000000000011e-001;1.816485e+000;-3.252398e+000;5.068883e+000
2.480000000000011e-001;1.804076e+000;-3.277166e+000;5.081242e+000
2.500000000000011e-001;1.791694e+000;-3.301879e+000;5.093573e+000
2.520000000000011e-001;1.779340e+000;-3.326536e+000;5.105876e+000
2.540000000000011e-001;1.767014e+000;-3.351135e+000;5.118150e+000
2.560000000000011e-001;1.754718e+000;-3.375676e+000;5.130394e+000
2.580000000000011e-001;1.742453e+000;-3.400157e+000;5.142609e+000
2.600000000000011e-001;1.730217e+000;-3.424576e+000;5.154793e+000
2.620000000000011e-001;1.718013e+000;-3.448932e+000;5.166945e+000
2.640000000000011e-001;1.705841e+000;-3.473224e+000;5.179065e+000
2.660000000000011e-001;1.693702e+000;-3.497450e+000;5.191152e+000
2.680000000000011e-001;1.681597e+000;-3.521608e+000;5.203205e+000
2.700000000000011e-001;1.669526e+000;-3.545698e+000;5.215224e+000
2.720000000000011e-001;1.657490e+000;-3.569718e+000;5.227207e+000
2.740000000000011e-001;1.645490e+000;-3.593665e+000;5.239155e+000
2.760000000000011e-001;1.633526e+000;-3.617539e+000;5.251065e+000
2.780000000000011e-001;1.621601e+000;-3.641337e+000;5.262937e+000
2.800000000000011e-001;1.609713e+000;-3.665058e+000;5.274771e+000
2.820000000000011e-001;1.597866e+000;-3.688699e+000;5.286565e+000
2.840000000000011e-001;1.586058e+000;-3.712260e+000;5.298318e+000
2.860000000000011e-001;1.574293e+000;-3.735737e+000;5.310030e+000
2.880000000000011e-001;1.562569e+000;-3.759131e+000;5.321700e+000
2.900000000000011e-001;1.550889e+000;-3.782436e+000;5.333325e+000
2.920000000000011e-001;1.539253e+000;-3.805653e+000;5.344906e+000
2.940000000000011e-001;1.527663e+000;-3.828778e+000;5.356441e+000
2.960000000000011e-001;1.516120e+000;-3.851809e+000;5.367929e+000
2.980000000000011e-001;1.504624e+000;-3.874745e+000;5.379369e+000
3.000000000000011e-001;1.493177e+000;-3.897583e+000;5.390760e+000
3.020000000000011e-001;1.481781e+000;-3.920319e+000;5.402100e+000
3.040000000000011e-001;1.470436e+000;-3.942953e+000;5.413389e+000
3.060000000000011e-001;1.459144e+000;-3.965480e+000;5.424624e+000
3.080000000000011e-001;1.447906e+000;-3.987899e+000;5.435805e+000
3.100000000000011e-001;1.436723e+000;-4.010206e+000;5.446930e+000
3.120000000000011e-001;1.425598e+000;-4.032400e+000;5.457998e+000
3.140000000000011e-001;1.414531e+000;-4.054476e+000;5.469007e+000
3.160000000000011e-001;1.403524e+000;-4.076432e+000;5.479956e+000
3.180000000000011e-001;1.392578e+000;-4.098265e+000;5.490843e+000
3.200000000000011e-001;1.381695e+000;-4.119972e+000;5.501667e+000
3.220000000000011e-001;1.370877e+000;-4.141548e+000;5.512425e+000
3.240000000000011e-001;1.360125e+000;-4.162992e+000;5.523117e+000
3.260000000000011e-001;1.349442e+000;-4.184299e+000;5.533741e+000
3.280000000000011e-001;1.338828e+000;-4.205465e+000;5.544293e+000
3.300000000000011e-001;1.328286e+000;-4.226488e+000;5.554774e+000
3.320000000000011e-001;1.317818e+000;-4.247363e+000;5.565181e+000
3.340000000000011e-001;1.307426e+000;-4.268086e+000;5.575512e+000
3.360000000000011e-001;1.297111e+000;-4.288654e+000;5.585764e+000
3.380000000000011e-001;1.286875e+000;-4.309062e+000;5.595937e+000
3.400000000000011e-001;1.276722e+000;-4.329306e+000;5.606028e+000
3.420000000000011e-001;1.266652e+000;-4.349381e+000;5.616034e+000
3.440000000000011e-001;1.256669e+000;-4.369284e+000;5.625953e+000
3.460000000000011e-001;1.246774e+000;-4.389009e+000;5.635783e+000
3.480000000000011e-001;1.236970e+000;-4.408552e+000;5.645522e+000
3.500000000000011e-001;1.227259e+000;-4.427908e+000;5.655167e+000
3.520000000000012e-001;1.217644e+000;-4.447073e+000;5.664716e+000
3.540000000000012e-001;1.208126e+000;-4.466040e+000;5.674167e+000
3.560000000000012e-001;1.198710e+000;-4.484806e+000;5.683516e+000
3.580000000000012e-001;1.189397e+000;-4.503364e+000;5.692761e+000
3.600000000000012e-001;1.180190e+000;-4.521710e+000;5.701900e+000
3.620000000000012e-001;1.171092e+000;-4.539838e+000;5.710929e+000
3.640000000000012e-001;1.162105e+000;-4.557742e+000;5.719847e+000
3.660000000000012e-001;1.153232e+000;-4.575417e+000;5.728649e+000
3.680000000000012e-001;1.144476e+000;-4.592858e+000;5.737334e+000
3.700000000000012e-001;1.135841e+000;-4.610058e+000;5.745898e+000
3.720000000000012e-001;1.127328e+000;-4.627012e+000;5.754339e+000
3.740000000000012e-001;1.118940e+000;-4.643713e+000;5.762654e+000
3.760000000000012e-001;1.110682e+000;-4.660157e+000;5.770839e+000
3.780000000000012e-001;1.102555e+000;-4.676337e+000;5.778892e+000
3.800000000000012e-001;1.094562e+000;-4.692248e+000;5.786810e+000
3.820000000000012e-001;1.086707e+000;-4.707883e+000;5.794590e+000
3.840000000000012e-001;1.078992e+000;-4.723236e+000;5.802228e+000
3.860000000000012e-001;1.071420e+000;-4.738304e+000;5.809724e+000
3.880000000000012e-001;1.063994e+000;-4.753078e+000;5.817072e+000
3.900000000000012e-001;1.056716e+000;-4.767555e+000;5.824271e+000
3.920000000000012e-001;1.049590e+000;-4.781729e+000;5.831319e+000
3.940000000000012e-001;1.042618e+000;-4.795594e+000;5.838212e+000
3.960000000000012e-001;1.035801e+000;-4.809146e+000;5.844947e+000
3.980000000000012e-001;1.029144e+000;-4.822380e+000;5.851524e+000
4.000000000000012e-001;1.022647e+000;-4.835292e+000;5.857939e+000
4.020000000000012e-001;1.016312e+000;-4.847878e+000;5.864191e+000
4.040000000000012e-001;1.010142e+000;-4.860134e+000;5.870277e+000
4.060000000000012e-001;1.004139e+000;-4.872057e+000;5.876196e+000
4.080000000000012e-001;9.983029e-001;-4.883645e+000;5.881948e+000
4.100000000000012e-001;9.926357e-001;-4.894893e+000;5.887529e+000
4.120000000000012e-001;9.871383e-001;-4.905802e+000;5.892940e+000
4.140000000000012e-001;9.818113e-001;-4.916369e+000;5.898180e+000
4.160000000000012e-001;9.766551e-001;-4.926593e+000;5.903248e+000
4.180000000000012e-001;9.716698e-001;-4.936476e+000;5.908145e+000
4.200000000000012e-001;9.668552e-001;-4.946016e+000;5.912871e+000
4.220000000000012e-001;9.622108e-001;-4.955215e+000;5.917426e+000
4.240000000000012e-001;9.577359e-001;-4.964074e+000;5.921810e+000
4.260000000000012e-001;9.534292e-001;-4.972596e+000;5.926025e+000
4.280000000000012e-001;9.492892e-001;-4.980785e+000;5.930074e+000
4.300000000000012e-001;9.453142e-001;-4.988642e+000;5.933957e+000
4.320000000000012e-001;9.415022e-001;-4.996174e+000;5.937676e+000
4.340000000000012e-001;9.378505e-001;-5.003384e+000;5.941234e+000
4.360000000000012e-001;9.343566e-001;-5.010277e+000;5.944634e+000
4.380000000000012e-001;9.310176e-001;-5.016861e+000;5.947879e+000
4.400000000000012e-001;9.278300e-001;-5.023142e+000;5.950972e+000
4.420000000000012e-001;9.247905e-001;-5.029125e+000;5.953916e+000
4.440000000000012e-001;9.218953e-001;-5.034820e+000;5.956715e+000
4.460000000000012e-001;9.191405e-001;-5.040233e+000;5.959374e+000
4.480000000000012e-001;9.165219e-001;-5.045374e+000;5.961896e+000
4.500000000000012e-001;9.140354e-001;-5.050250e+000;5.964285e+000
4.520000000000012e-001;9.116765e-001;-5.054871e+000;5.966547e+000
4.540000000000012e-001;9.094406e-001;-5.059245e+000;5.968686e+000
4.560000000000012e-001;9.073235e-001;-5.063382e+000;5.970705e+000
4.580000000000012e-001;9.053202e-001;-5.067290e+000;5.972610e+000
4.600000000000012e-001;9.034263e-001;-5.070979e+000;5.974406e+000
4.620000000000012e-001;9.016371e-001;-5.074460e+000;5.976097e+000
4.640000000000012e-001;8.999479e-001;-5.077739e+000;5.977687e+000
4.660000000000013e-001;8.983542e-001;-5.080828e+000;5.979182e+000
4.680000000000013e-001;8.968514e-001;-5.083735e+000;5.980586e+000
4.700000000000013e-001;8.954352e-001;-5.086468e+000;5.981903e+000
4.720000000000013e-001;8.941010e-001;-5.089037e+000;5.983138e+000
4.740000000000013e-001;8.928448e-001;-5.091450e+000;5.984295e+000
4.760000000000013e-001;8.916624e-001;-5.093715e+000;5.985378e+000
4.780000000000013e-001;8.905497e-001;-5.095841e+000;5.986391e+000
4.800000000000013e-001;8.895029e-001;-5.097836e+000;5.987339e+000
4.820000000000013e-001;8.885183e-001;-5.099705e+000;5.988224e+000
4.840000000000013e-001;8.875923e-001;-5.101458e+000;5.989050e+000
4.860000000000013e-001;8.867213e-001;-5.103101e+000;5.989822e+000
4.880000000000013e-001;8.859022e-001;-5.104639e+000;5.990541e+000
4.900000000000013e-001;8.851317e-001;-5.106081e+000;5.991212e+000
4.920000000000013e-001;8.844070e-001;-5.107431e+000;5.991838e+000
4.940000000000013e-001;8.837250e-001;-5.108695e+000;5.992420e+000
4.960000000000013e-001;8.830833e-001;-5.109879e+000;5.992962e+000
4.980000000000013e-001;8.824791e-001;-5.110988e+000;5.993467e+000
5.000000000000012e-001;8.819100e-001;-5.112027e+000;5.993937e+000
5.020000000000012e-001;8.813738e-001;-5.113000e+000;5.994373e+000
5.040000000000012e-001;8.808682e-001;-5.113911e+000;5.994780e+000
5.060000000000012e-001;8.803914e-001;-5.114766e+000;5.995157e+000
5.080000000000012e-001;8.799412e-001;-5.115567e+000;5.995508e+000
5.100000000000012e-001;8.795160e-001;-5.116318e+000;5.995834e+000
5.120000000000012e-001;8.791141e-001;-5.117023e+000;5.996137e+000
5.140000000000012e-001;8.787338e-001;-5.117684e+000;5.996418e+000
5.160000000000012e-001;8.783737e-001;-5.118306e+000;5.996679e+000
5.180000000000012e-001;8.780324e-001;-5.118889e+000;5.996922e+000
5.200000000000012e-001;8.777086e-001;-5.119438e+000;5.997146e+000
5.220000000000012e-001;8.774010e-001;-5.119954e+000;5.997355e+000
5.240000000000012e-001;8.771085e-001;-5.120440e+000;5.997549e+000
5.260000000000012e-001;8.768302e-001;-5.120898e+000;5.997728e+000
5.280000000000013e-001;8.765649e-001;-5.121330e+000;5.997895e+000
5.300000000000013e-001;8.763117e-001;-5.121738e+000;5.998049e+000
5.320000000000013e-001;8.760698e-001;-5.122123e+000;5.998193e+000
5.340000000000013e-001;8.758385e-001;-5.122487e+000;5.998325e+000
5.360000000000013e-001;8.756168e-001;-5.122832e+000;5.998448e+000
5.380000000000013e-001;8.754042e-001;-5.123159e+000;5.998563e+000
5.400000000000013e-001;8.752000e-001;-5.123469e+000;5.998669e+000
5.420000000000013e-001;8.750036e-001;-5.123763e+000;5.998766e+000
5.440000000000013e-001;8.748144e-001;-5.124043e+000;5.998857e+000
5.460000000000013e-001;8.746319e-001;-5.124310e+000;5.998942e+000
5.480000000000013e-001;8.744557e-001;-5.124564e+000;5.999020e+000
5.500000000000013e-001;8.742852e-001;-5.124807e+000;5.999092e+000
5.520000000000013e-001;8.741201e-001;-5.125039e+000;5.999159e+000
5.540000000000013e-001;8.739599e-001;-5.125261e+000;5.999221e+000
5.560000000000013e-001;8.738044e-001;-5.125474e+000;5.999279e+000
5.580000000000013e-001;8.736531e-001;-5.125679e+000;5.999332e+000
5.600000000000013e-001;8.735058e-001;-5.125876e+000;5.999382e+000
5.620000000000013e-001;8.733621e-001;-5.126065e+000;5.999427e+000
5.640000000000013e-001;8.732219e-001;-5.126247e+000;5.999469e+000
5.660000000000013e-001;8.730848e-001;-5.126424e+000;5.999509e+000
5.680000000000013e-001;8.729507e-001;-5.126594e+000;5.999545e+000
5.700000000000013e-001;8.728192e-001;-5.126759e+000;5.999578e+000
5.720000000000013e-001;8.726903e-001;-5.126920e+000;5.999610e+000
5.740000000000013e-001;8.725637e-001;-5.127075e+000;5.999639e+000
5.760000000000013e-001;8.724393e-001;-5.127226e+000;5.999665e+000
5.780000000000013e-001;8.723168e-001;-5.127373e+000;5.999690e+000
5.800000000000013e-001;8.721963e-001;-5.127517e+000;5.999713e+000
5.820000000000013e-001;8.720773e-001;-5.127657e+000;5.999734e+000
5.840000000000013e-001;8.719601e-001;-5.127794e+000;5.999754e+000
5.860000000000013e-001;8.718444e-001;-5.127928e+000;5.999772e+000
5.880000000000013e-001;8.717299e-001;-5.128059e+000;5.999789e+000
5.900000000000013e-001;8.716168e-001;-5.128188e+000;5.999804e+000
5.920000000000013e-001;8.715048e-001;-5.128314e+000;5.999819e+000
5.940000000000013e-001;8.713939e-001;-5.128439e+000;5.999833e+000
5.960000000000013e-001;8.712840e-001;-5.128561e+000;5.999845e+000
5.980000000000013e-001;8.711751e-001;-5.128681e+000;5.999856e+000
6.000000000000013e-001;8.710670e-001;-5.128800e+000;5.999867e+000
6.020000000000013e-001;8.709598e-001;-5.128917e+000;5.999877e+000
6.040000000000013e-001;8.708532e-001;-5.129033e+000;5.999886e+000
6.060000000000013e-001;8.707474e-001;-5.129147e+000;5.999895e+000
6.080000000000013e-001;8.706422e-001;-5.129260e+000;5.999902e+000
6.100000000000013e-001;8.705376e-001;-5.129372e+000;5.999909e+000
6.120000000000013e-001;8.704336e-001;-5.129483e+000;5.999916e+000
6.140000000000013e-001;8.703300e-001;-5.129592e+000;5.999922e+000
6.160000000000013e-001;8.702269e-001;-5.129701e+000;5.999928e+000
6.180000000000013e-001;8.701243e-001;-5.129809e+000;5.999934e+000
6.200000000000013e-001;8.700221e-001;-5.129916e+000;5.999938e+000
6.220000000000013e-001;8.699203e-001;-5.130023e+000;5.999943e+000
6.240000000000013e-001;8.698187e-001;-5.130128e+000;5.999947e+000
6.260000000000013e-001;8.697175e-001;-5.130234e+000;5.999951e+000
6.280000000000013e-001;8.696167e-001;-5.130338e+000;5.999955e+000
6.300000000000013e-001;8.695161e-001;-5.130442e+000;5.999958e+000
6.320000000000013e-001;8.694157e-001;-5.130546e+000;5.999961e+000
6.340000000000013e-001;8.693156e-001;-5.130649e+000;5.999964e+000
6.360000000000013e-001;8.692157e-001;-5.130751e+000;5.999967e+000
6.380000000000013e-001;8.691160e-001;-5.130853e+000;5.999969e+000
6.400000000000014e-001;8.690165e-001;-5.130955e+000;5.999971e+000
6.420000000000014e-001;8.689172e-001;-5.131057e+000;5.999974e+000
6.440000000000014e-001;8.688180e-001;-5.131158e+000;5.999976e+000
6.460000000000014e-001;8.687190e-001;-5.131259e+000;5.999978e+000
6.480000000000014e-001;8.686202e-001;-5.131359e+000;5.999979e+000
6.500000000000014e-001;8.685215e-001;-5.131459e+000;5.999980e+000
6.520000000000014e-001;8.684229e-001;-5.131559e+000;5.999982e+000
6.540000000000014e-001;8.683243e-001;-5.131659e+000;5.999983e+000
6.560000000000014e-001;8.682259e-001;-5.131759e+000;5.999985e+000
6.580000000000014e-001;8.681276e-001;-5.131858e+000;5.999986e+000
6.600000000000014e-001;8.680294e-001;-5.131957e+000;5.999987e+000
6.620000000000014e-001;8.679312e-001;-5.132056e+000;5.999988e+000
6.640000000000014e-001;8.678332e-001;-5.132155e+000;5.999989e+000
6.660000000000014e-001;8.677352e-001;-5.132254e+000;5.999990e+000
6.680000000000014e-001;8.676373e-001;-5.132353e+000;5.999990e+000
6.700000000000014e-001;8.675395e-001;-5.132451e+000;5.999991e+000
6.720000000000014e-001;8.674417e-001;-5.132550e+000;5.999992e+000
6.740000000000014e-001;8.673439e-001;-5.132648e+000;5.999992e+000
6.760000000000014e-001;8.672462e-001;-5.132747e+000;5.999993e+000
6.780000000000014e-001;8.671485e-001;-5.132845e+000;5.999993e+000
6.800000000000014e-001;8.670509e-001;-5.132943e+000;5.999994e+000
6.820000000000014e-001;8.669533e-001;-5.133041e+000;5.999994e+000
6.840000000000014e-001;8.668558e-001;-5.133139e+000;5.999995e+000
6.860000000000014e-001;8.667583e-001;-5.133237e+000;5.999995e+000
6.880000000000014e-001;8.666608e-001;-5.133335e+000;5.999996e+000
6.900000000000014e-001;8.665634e-001;-5.133432e+000;5.999996e+000
6.920000000000014e-001;8.664659e-001;-5.133530e+000;5.999996e+000
6.940000000000014e-001;8.663685e-001;-5.133628e+000;5.999997e+000
6.960000000000014e-001;8.662712e-001;-5.133725e+000;5.999997e+000
6.980000000000014e-001;8.661738e-001;-5.133823e+000;5.999997e+000
7.000000000000014e-001;8.660765e-001;-5.133921e+000;5.999997e+000
7.020000000000014e-001;8.659792e-001;-5.134018e+000;5.999997e+000
7.040000000000014e-001;8.658819e-001;-5.134116e+000;5.999998e+000
7.060000000000014e-001;8.657846e-001;-5.134213e+000;5.999998e+000
7.080000000000014e-001;8.656873e-001;-5.134311e+000;5.999998e+000
7.100000000000014e-001;8.655901e-001;-5.134408e+000;5.999998e+000
7.120000000000014e-001;8.654928e-001;-5.134505e+000;5.999998e+000
7.140000000000014e-001;8.653956e-001;-5.134603e+000;5.999999e+000
7.160000000000014e-001;8.652984e-001;-5.134700e+000;5.999999e+000
7.180000000000014e-001;8.652012e-001;-5.134797e+000;5.999999e+000
7.200000000000014e-001;8.651040e-001;-5.134895e+000;5.999999e+000
7.220000000000014e-001;8.650068e-001;-5.134992e+000;5.999999e+000
7.240000000000014e-001;8.649096e-001;-5.135089e+000;5.999999e+000
7.260000000000014e-001;8.648124e-001;-5.135187e+000;5.999999e+000
7.280000000000014e-001;8.647153e-001;-5.135284e+000;5.999999e+000
7.300000000000014e-001;8.646181e-001;-5.135381e+000;5.999999e+000
7.320000000000014e-001;8.645210e-001;-5.135478e+000;5.999999e+000
7.340000000000014e-001;8.644238e-001;-5.135575e+000;5.999999e+000
7.360000000000014e-001;8.643267e-001;-5.135672e+000;5.999999e+000
7.380000000000014e-001;8.642296e-001;-5.135770e+000;6.000000e+000
7.400000000000014e-001;8.641324e-001;-5.135867e+000;6.000000e+000
7.420000000000014e-001;8.640353e-001;-5.135964e+000;6.000000e+000
7.440000000000014e-001;8.639382e-001;-5.136061e+000;6.000000e+000
7.460000000000014e-001;8.638411e-001;-5.136158e+000;6.000000e+000
7.480000000000014e-001;8.637439e-001;-5.136256e+000;6.000000e+000
7.500000000000014e-001;8.636468e-001;-5.136353e+000;6.000000e+000
7.520000000000015e-001;8.635497e-001;-5.136450e+000;6.000000e+000
7.540000000000015e-001;8.634526e-001;-5.136547e+000;6.000000e+000
7.560000000000015e-001;8.633555e-001;-5.136644e+000;6.000000e+000
7.580000000000015e-001;8.632584e-001;-5.136741e+000;6.000000e+000
7.600000000000015e-001;8.631613e-001;-5.136838e+000;6.000000e+000
7.620000000000015e-001;8.630642e-001;-5.136935e+000;6.000000e+000
7.640000000000015e-001;8.629671e-001;-5.137032e+000;6.000000e+000
7.660000000000015e-001;8.628700e-001;-5.137130e+000;6.000000e+000
7.680000000000015e-001;8.627729e-001;-5.137227e+000;6.000000e+000
7.700000000000015e-001;8.626758e-001;-5.137324e+000;6.000000e+000
7.720000000000015e-001;8.625787e-001;-5.137421e+000;6.000000e+000
7.740000000000015e-001;8.624816e-001;-5.137518e+000;6.000000e+000
7.760000000000015e-001;8.623845e-001;-5.137616e+000;6.000000e+000
7.780000000000015e-001;8.622875e-001;-5.137713e+000;6.000000e+000
7.800000000000015e-001;8.621904e-001;-5.137810e+000;6.000000e+000
7.820000000000015e-001;8.620933e-001;-5.137907e+000;6.000000e+000
7.840000000000015e-001;8.619962e-001;-5.138004e+000;6.000000e+000
7.860000000000015e-001;8.618991e-001;-5.138101e+000;6.000000e+000
7.880000000000015e-001;8.618020e-001;-5.138198e+000;6.000000e+000
7.900000000000015e-001;8.617049e-001;-5.138295e+000;6.000000e+000
7.920000000000015e-001;8.616078e-001;-5.138392e+000;6.000000e+000
7.940000000000015e-001;8.615108e-001;-5.138489e+000;6.000000e+000
7.960000000000015e-001;8.614137e-001;-5.138586e+000;6.000000e+000
7.980000000000015e-001;8.613166e-001;-5.138683e+000;6.000000e+000
8.000000000000015e-001;8.612195e-001;-5.138780e+000;6.000000e+000
8.020000000000015e-001;8.611224e-001;-5.138878e+000;6.000000e+000
8.040000000000015e-001;8.610254e-001;-5.138975e+000;6.000000e+000
8.060000000000015e-001;8.609283e-001;-5.139072e+000;6.000000e+000
8.080000000000015e-001;8.608312e-001;-5.139169e+000;6.000000e+000
8.100000000000015e-001;8.607342e-001;-5.139266e+000;6.000000e+000
8.120000000000015e-001;8.606371e-001;-5.139363e+000;6.000000e+000
8.140000000000015e-001;8.605400e-001;-5.139460e+000;6.000000e+000
8.160000000000015e-001;8.604429e-001;-5.139557e+000;6.000000e+000
8.180000000000015e-001;8.603458e-001;-5.139654e+000;6.000000e+000
8.200000000000015e-001;8.602488e-001;-5.139751e+000;6.000000e+000
8.220000000000015e-001;8.601517e-001;-5.139848e+000;6.000000e+000
8.240000000000015e-001;8.600546e-001;-5.139945e+000;6.000000e+000
8.260000000000015e-001;8.599576e-001;-5.140042e+000;6.000000e+000
8.280000000000015e-001;8.598605e-001;-5.140140e+000;6.000000e+000
8.300000000000015e-001;8.597634e-001;-5.140237e+000;6.000000e+000
8.320000000000015e-001;8.596663e-001;-5.140334e+000;6.000000e+000
8.340000000000015e-001;8.595693e-001;-5.140431e+000;6.000000e+000
8.360000000000015e-001;8.594722e-001;-5.140528e+000;6.000000e+000
8.380000000000015e-001;8.593751e-001;-5.140625e+000;6.000000e+000
8.400000000000015e-001;8.592780e-001;-5.140722e+000;6.000000e+000
8.420000000000015e-001;8.591810e-001;-5.140819e+000;6.000000e+000
8.440000000000015e-001;8.590839e-001;-5.140916e+000;6.000000e+000
8.460000000000015e-001;8.589869e-001;-5.141013e+000;6.000000e+000
8.480000000000015e-001;8.588898e-001;-5.141110e+000;6.000000e+000
8.500000000000015e-001;8.587927e-001;-5.141207e+000;6.000000e+000
8.520000000000015e-001;8.586956e-001;-5.141304e+000;6.000000e+000
8.540000000000015e-001;8.585985e-001;-5.141401e+000;6.000000e+000
8.560000000000015e-001;8.585015e-001;-5.141499e+000;6.000000e+000
8.580000000000015e-001;8.584044e-001;-5.141596e+000;6.000000e+000
8.600000000000015e-001;8.583074e-001;-5.141693e+000;6.000000e+000
8.620000000000015e-001;8.582103e-001;-5.141790e+000;6.000000e+000
8.640000000000015e-001;8.581132e-001;-5.141887e+000;6.000000e+000
8.660000000000016e-001;8.580161e-001;-5.141984e+000;6.000000e+000
8.680000000000016e-001;8.579191e-001;-5.142081e+000;6.000000e+000
8.700000000000016e-001;8.578220e-001;-5.142178e+000;6.000000e+000
8.720000000000016e-001;8.577250e-001;-5.142275e+000;6.000000e+000
8.740000000000016e-001;8.576279e-001;-5.142372e+000;6.000000e+000
8.760000000000016e-001;8.575308e-001;-5.142469e+000;6.000000e+000
8.780000000000016e-001;8.574337e-001;-5.142566e+000;6.000000e+000
8.800000000000016e-001;8.573366e-001;-5.142663e+000;6.000000e+000
8.820000000000016e-001;8.572396e-001;-5.142760e+000;6.000000e+000
8.840000000000016e-001;8.571425e-001;-5.142857e+000;6.000000e+000
8.860000000000016e-001;8.570455e-001;-5.142955e+000;6.000000e+000
8.880000000000016e-001;8.569484e-001;-5.143052e+000;6.000000e+000
8.900000000000016e-001;8.568513e-001;-5.143149e+000;6.000000e+000
8.920000000000016e-001;8.567542e-001;-5.143246e+000;6.000000e+000
8.940000000000016e-001;8.566572e-001;-5.143343e+000;6.000000e+000
8.960000000000016e-001;8.565601e-001;-5.143440e+000;6.000000e+000
8.980000000000016e-001;8.564631e-001;-5.143537e+000;6.000000e+000
9.000000000000016e-001;8.563660e-001;-5.143634e+000;6.000000e+000
9.020000000000016e-001;8.562689e-001;-5.143731e+000;6.000000e+000
9.040000000000016e-001;8.561718e-001;-5.143828e+000;6.000000e+000
9.060000000000016e-001;8.560748e-001;-5.143925e+000;6.000000e+000
9.080000000000016e-001;8.559777e-001;-5.144022e+000;6.000000e+000
9.100000000000016e-001;8.558807e-001;-5.144119e+000;6.000000e+000
9.120000000000016e-001;8.557836e-001;-5.144216e+000;6.000000e+000
9.140000000000016e-001;8.556865e-001;-5.144313e+000;6.000000e+000
9.160000000000016e-001;8.555894e-001;-5.144411e+000;6.000000e+000
9.180000000000016e-001;8.554924e-001;-5.144508e+000;6.000000e+000
9.200000000000016e-001;8.553953e-001;-5.144605e+000;6.000000e+000
9.220000000000016e-001;8.552983e-001;-5.144702e+000;6.000000e+000
9.240000000000016e-001;8.552012e-001;-5.144799e+000;6.000000e+000
9.260000000000016e-001;8.551041e-001;-5.144896e+000;6.000000e+000
9.280000000000016e-001;8.550071e-001;-5.144993e+000;6.000000e+000
9.300000000000016e-001;8.549100e-001;-5.145090e+000;6.000000e+000
9.320000000000016e-001;8.548129e-001;-5.145187e+000;6.000000e+000
9.340000000000016e-001;8.547159e-001;-5.145284e+000;6.000000e+000
9.360000000000016e-001;8.546188e-001;-5.145381e+000;6.000000e+000
9.380000000000016e-001;8.545218e-001;-5.145478e+000;6.000000e+000
9.400000000000016e-001;8.544247e-001;-5.145575e+000;6.000000e+000
9.420000000000016e-001;8.543276e-001;-5.145672e+000;6.000000e+000
9.440000000000016e-001;8.542306e-001;-5.145769e+000;6.000000e+000
9.460000000000016e-001;8.541335e-001;-5.145867e+000;6.000000e+000
9.480000000000016e-001;8.540365e-001;-5.145964e+000;6.000000e+000
9.500000000000016e-001;8.539394e-001;-5.146061e+000;6.000000e+000
9.520000000000016e-001;8.538423e-001;-5.146158e+000;6.000000e+000
9.540000000000016e-001;8.537452e-001;-5.146255e+000;6.000000e+000
9.560000000000016e-001;8.536482e-001;-5.146352e+000;6.000000e+000
9.580000000000016e-001;8.535511e-001;-5.146449e+000;6.000000e+000
9.600000000000016e-001;8.534541e-001;-5.146546e+000;6.000000e+000
9.620000000000016e-001;8.533570e-001;-5.146643e+000;6.000000e+000
9.640000000000016e-001;8.532599e-001;-5.146740e+000;6.000000e+000
9.660000000000016e-001;8.531629e-001;-5.146837e+000;6.000000e+000
9.680000000000016e-001;8.530658e-001;-5.146934e+000;6.000000e+000
9.700000000000016e-001;8.529688e-001;-5.147031e+000;6.000000e+000
9.720000000000016e-001;8.528717e-001;-5.147128e+000;6.000000e+000
9.740000000000016e-001;8.527746e-001;-5.147225e+000;6.000000e+000
9.760000000000016e-001;8.526776e-001;-5.147322e+000;6.000000e+000
9.780000000000017e-001;8.525805e-001;-5.147420e+000;6.000000e+000
9.800000000000017e-001;8.524835e-001;-5.147517e+000;6.000000e+000
9.820000000000017e-001;8.523864e-001;-5.147614e+000;6.000000e+000
9.840000000000017e-001;8.522893e-001;-5.147711e+000;6.000000e+000
9.860000000000017e-001;8.521923e-001;-5.147808e+000;6.000000e+000
9.880000000000017e-001;8.520952e-001;-5.147905e+000;6.000000e+000
9.900000000000017e-001;8.519982e-001;-5.148002e+000;6.000000e+000
9.920000000000017e-001;8.519011e-001;-5.148099e+000;6.000000e+000
9.940000000000017e-001;8.518041e-001;-5.148196e+000;6.000000e+000
9.960000000000017e-001;8.517070e-001;-5.148293e+000;6.000000e+000
9.980000000000017e-001;8.516100e-001;-5.148390e+000;6.000000e+000
1.000000000000000e+000;8.515129e-001;-5.148487e+000;6.000000e+000
